{"cameraMode":{"drawMode":0,"name":"Shaded","section":"Shading Mode"},"sceneLighting":false,"audioPlay":false,"sceneViewState":{"showFog":true,"showMaterialUpdate":false,"showSkybox":false,"showFlares":true,"showImageEffects":true,"showParticleSystems":true},"in2DMode":false,"pivot":{"x":14.187606811523438,"y":2.0216903686523439,"z":0.10132551193237305},"rotation":{"x":-0.0033093392848968508,"y":0.0035964292474091055,"z":-0.000012257425623829477,"w":-0.9999881386756897},"size":17.583288192749025,"orthographic":false}